{
    "Pirmasens": {
        "x": -341.5035,
        "y": 403.011871,
        "z": -1478.64453
    },
    "Münchweiler": {
        "x": 6354.24365,
        "y": 294.229156,
        "z": -1133.84326
    },
    "Hinterweidenthal": {
        "x": 10995.4648,
        "y": 212.810745,
        "z": 365.128937
    },
    "Hauenstein": {
        "x": 17254.8418,
        "y": 214.228882,
        "z": 260.726318
    },
    "Annweiler": {
        "x": 25447.7441,
        "y": 194.316315,
        "z": -218.053864
    },
    "Hermersbergerhof": {
        "x": 17065.89,
        "y": 595.4736,
        "z": -4540.77344
    },
    "Johanniskreuz": {
        "x": 16483.6055,
        "y": 483.6477,
        "z": -14939.3574
    },
    "Leimen": {
        "x": 12661.2891,
        "y": 472.7748,
        "z": -8267.581
    },
    "Merzalben": {
        "x": 9976.756,
        "y": 316.199524,
        "z": -4875.983
    },
    "Höheinöd": {
        "x": 924.5803,
        "y": 399.931641,
        "z": -9620.132
    },
    "Waldfischbach-Burgalben": {
        "x": 2454.644,
        "y": 252.061661,
        "z": -8882.383
    },
    "Weselberg": {
        "x": -161.504456,
        "y": 429.067017,
        "z": -14527.23
    },
    "bann": {
        "x": 1372.06152,
        "y": 339.870728,
        "z": -20644.4844
    },
    "Thaleischweiler-Fröschen": {
        "x": -386.581451,
        "y": 261.496826,
        "z": -7246.3335
    }
}